,index,info,url,x,y
0,Week1_150607_B02,Week1_150607_B02_info,Week1_150607_B02_montaged.tif,-3872.2078999439454,-698.943783213847
1,Week1_150607_B03,Week1_150607_B03_info,Week1_150607_B03_montaged.tif,-444.43731574399357,4120.900829184974
2,Week1_150607_B04,Week1_150607_B04_info,Week1_150607_B04_montaged.tif,-1011.4107567527747,4345.57717292938
3,Week1_150607_B05,Week1_150607_B05_info,Week1_150607_B05_montaged.tif,7569.647426779934,891.1328563442765
4,Week1_150607_B06,Week1_150607_B06_info,Week1_150607_B06_montaged.tif,2961.336739285935,-3098.5144043052264
5,Week1_150607_B07,Week1_150607_B07_info,Week1_150607_B07_montaged.tif,-1226.8964299167144,-1703.1827448260378
6,Week1_150607_B08,Week1_150607_B08_info,Week1_150607_B08_montaged.tif,-53.636107420021645,-2912.5144120983714
7,Week1_150607_B09,Week1_150607_B09_info,Week1_150607_B09_montaged.tif,-3922.395656288424,-944.4555140151433
